image,label
452.png,452 175 690 850 683
818.png,818 86 731 530 788
819.png,819 737 207 256 209
346.png,346 36 496 854 426
347.png,347 683 826 520 760
340.png,340 698 732 220 96
341.png,341 426 775 345 853
342.png,342 298 353 448 683
343.png,343 426 956 961 256
810.png,810 727 690 698 944
811.png,811 649 6 775 611
812.png,812 711 897 563 162
813.png,813 18 258 204 751
348.png,348 133 688 854 683
815.png,815 751 566 390 454
816.png,816 426 581 46 563
817.png,817 698 975 326 687
719.png,719 426 241 750 261
718.png,718 94 751 850 226
717.png,717 751 705 263 789
716.png,716 77 254 751 871
715.png,715 718 816 935 746
714.png,714 584 263 986 996
713.png,713 854 690 681 210
712.png,712 296 241 935 454
711.png,711 812 379 563 987
710.png,710 256 47 210 369
618.png,618 751 865 352 169
421.png,421 526 436 162 426
420.png,420 345 426 699 960
423.png,423 683 975 85 857
422.png,422 823 220 556 356
425.png,425 944 977 566 857
424.png,424 256 416 751 282
427.png,427 897 494 711 158
298.png,298 742 154 342 662
299.png,299 73 454 683 204
296.png,296 149 897 507 209
297.png,297 399 715 6 811
294.png,294 803 429 442 484
295.png,295 256 751 426 690
292.png,292 681 683 693 634
293.png,293 587 961 771 972
290.png,290 256 47 737 373
291.png,291 426 985 476 204
591.png,591 566 698 426 986
590.png,590 907 204 987 235
593.png,593 563 797 402 668
592.png,592 237 380 86 256
595.png,595 189 300 116 732
198.png,198 619 426 454 652
597.png,597 426 166 454 846
596.png,596 73 829 738 520
195.png,195 888 209 275 996
194.png,194 256 165 849 257
197.png,197 426 346 866 685
196.png,196 908 914 426 854
191.png,191 420 426 544 436
190.png,190 73 170 464 530
193.png,193 476 426 36 420
192.png,192 611 426 690 408
270.png,270 690 689 408 894
271.png,271 668 671 462 990
272.png,272 204 157 316 47
273.png,273 265 705 74 751
274.png,274 258 393 476 394
275.png,275 690 426 408 195
276.png,276 617 748 426 209
277.png,277 255 671 690 316
278.png,278 891 690 701 274
279.png,279 161 494 195 666
569.png,569 426 176 209 220
524.png,524 280 316 984 75
525.png,525 282 496 665 692
526.png,526 421 258 60 162
527.png,527 256 176 596 426
520.png,520 487 681 802 24
521.png,521 683 45 662 652
522.png,522 544 208 439 489
523.png,523 426 666 176 445
528.png,528 73 453 251 36
529.png,529 563 948 220 118
449.png,449 396 751 975 258
448.png,448 604 724 18 342
345.png,345 420 699 426 346
443.png,443 986 438 690 775
442.png,442 315 429 902 408
441.png,441 11 602 116 690
440.png,440 724 135 168 448
447.png,447 881 698 683 686
446.png,446 73 356 241 63
445.png,445 854 475 426 357
444.png,444 544 426 191 522
108.png,108 775 566 216 683
109.png,109 85 683 620 738
102.png,102 485 24 209 969
103.png,103 686 256 353 532
100.png,100 261 296 671 751
101.png,101 850 426 706 611
106.png,106 73 256 196 616
107.png,107 168 857 449 566
104.png,104 366 480 897 507
105.png,105 991 844 449 291
902.png,902 426 345 176 682
903.png,903 36 238 426 346
39.png,39 939 709 245 872
901.png,901 85 799 24 426
906.png,906 476 188 256 60
907.png,907 258 18 690 166
904.png,904 210 96 204 991
905.png,905 426 690 775 210
33.png,33 426 853 311 175
32.png,32 85 316 786 499
908.png,908 426 176 63 196
30.png,30 602 947 245 426
37.png,37 217 276 833 609
36.png,346 36 854 421 435
35.png,35 258 751 476 449
34.png,34 785 541 256 426
641.png,641 566 732 426 689
640.png,640 577 426 282 176
643.png,643 683 85 530 582
642.png,642 476 324 199 426
645.png,645 536 449 741 975
644.png,644 11 85 364 683
438.png,438 775 943 476 357
646.png,646 209 84 426 102
649.png,649 746 811 237 426
437.png,437 390 975 698 620
434.png,434 241 996 426 507
435.png,435 346 36 541 426
432.png,432 250 690 408 357
433.png,433 652 987 45 391
430.png,430 186 850 718 297
431.png,431 316 597 690 454
753.png,753 751 329 717 265
339.png,339 28 208 953 788
338.png,338 208 426 324 788
335.png,335 360 907 166 718
334.png,334 690 388 320 393
337.png,337 266 168 486 684
336.png,336 426 531 256 11
331.png,331 426 727 986 149
330.png,330 698 991 476 857
333.png,333 666 604 363 163
332.png,332 86 507 480 672
744.png,744 334 241 400 226
745.png,745 242 507 972 671
854.png,854 346 426 36 196
344.png,344 364 686 85 353
856.png,856 304 359 751 757
857.png,857 738 683 698 156
850.png,850 101 668 400 256
851.png,851 738 566 390 829
852.png,852 204 454 390 563
0.png,0 453 421 346 36
42.png,42 182 141 426 903
858.png,858 689 986 364 894
859.png,859 416 947 154 687
748.png,748 788 681 690 426
6.png,6 811 374 690 611
43.png,43 967 672 209 604
99.png,99 690 775 748 426
98.png,98 43 301 867 967
91.png,91 364 426 580 689
90.png,90 136 775 690 907
93.png,93 36 346 476 385
92.png,92 881 991 851 460
95.png,95 955 689 324 681
94.png,94 647 729 241 507
97.png,97 975 63 788 708
96.png,96 698 961 604 907
814.png,814 426 866 209 195
349.png,349 867 724 56 256
153.png,153 684 356 168 172
740.png,740 698 977 566 449
741.png,741 449 566 107 426
742.png,742 652 683 298 975
743.png,743 742 851 683 19
559.png,559 353 698 301 967
558.png,558 565 476 985 426
746.png,746 82 361 366 916
747.png,747 202 476 135 544
555.png,555 676 426 775 853
749.png,749 24 671 476 426
557.png,557 426 195 536 690
556.png,556 172 356 823 422
551.png,551 602 426 880 991
550.png,550 834 426 176 722
553.png,553 662 342 829 536
552.png,552 204 4 645 390
238.png,238 426 346 854 507
239.png,239 85 683 738 822
234.png,234 324 162 282 426
235.png,235 907 258 590 820
236.png,236 907 666 18 269
237.png,237 751 483 195 986
230.png,230 182 627 11 548
231.png,231 854 426 357 803
232.png,232 705 715 75 426
233.png,233 361 668 483 593
1.png,1 426 282 854 475
155.png,155 683 662 694 652
146.png,146 566 602 841 850
147.png,147 940 897 426 871
144.png,144 617 476 435 642
619.png,619 991 454 986 683
142.png,142 172 872 156 854
143.png,143 683 11 986 786
140.png,140 732 298 777 881
141.png,141 73 182 507 202
612.png,612 751 223 449 256
613.png,613 26 166 132 969
610.png,610 24 426 483 681
611.png,611 751 715 970 388
616.png,616 977 944 364 566
617.png,617 176 943 27 258
614.png,614 476 802 685 324
615.png,615 311 197 426 196
46.png,46 850 746 494 987
154.png,154 857 690 426 196
948.png,948 466 857 566 549
949.png,949 464 437 698 354
946.png,946 581 751 244 731
947.png,947 80 168 209 684
944.png,944 566 75 977 616
945.png,945 429 476 604 204
942.png,942 426 324 436 854
943.png,943 617 282 453 176
940.png,940 102 485 975 24
941.png,941 492 175 690 826
768.png,768 204 256 47 751
689.png,689 854 986 426 1
688.png,688 196 426 346 357
685.png,685 802 197 475 426
684.png,684 168 172 738 153
687.png,687 786 426 828 777
686.png,686 133 866 85 256
681.png,681 496 426 476 520
680.png,680 530 580 684 11
683.png,683 870 396 168 775
682.png,682 208 282 1 274
458.png,458 216 662 426 298
459.png,459 256 324 774 977
133.png,133 854 681 853 686
132.png,132 399 251 583 507
131.png,131 149 426 717 82
130.png,130 454 777 566 775
137.png,137 948 426 449 364
499.png,499 32 698 751 481
135.png,135 400 426 737 998
134.png,134 102 209 762 24
494.png,494 237 746 563 392
495.png,495 162 701 304 333
139.png,139 96 857 426 620
497.png,497 977 683 256 775
490.png,490 408 320 442 426
491.png,491 851 581 426 689
492.png,492 316 986 476 686
493.png,547 493 742 977 520
24.png,24 102 871 690 669
25.png,25 746 426 507 329
26.png,26 209 426 940 25
27.png,27 426 176 282 396
20.png,20 841 566 698 131
21.png,21 988 566 425 280
22.png,22 426 476 681 520
23.png,23 507 214 569 742
28.png,28 608 208 676 835
29.png,29 274 28 176 208
820.png,820 690 701 426 914
407.png,407 777 20 738 168
406.png,406 421 426 690 943
405.png,405 520 160 580 706
938.png,938 854 256 835 396
403.png,403 843 981 522 241
402.png,402 668 952 269 593
401.png,401 199 701 854 972
400.png,400 871 969 604 585
933.png,933 894 264 803 480
932.png,932 282 274 426 453
931.png,931 690 566 885 426
930.png,930 251 570 589 750
937.png,937 732 690 116 986
936.png,936 256 364 561 751
409.png,409 426 63 928 802
934.png,934 85 786 460 732
453.png,453 201 833 435 36
758.png,758 63 290 476 563
136.png,136 178 258 426 36
183.png,183 85 826 476 426
379.png,379 711 241 257 16
378.png,378 241 671 304 757
228.png,228 726 426 881 424
829.png,829 73 364 824 986
828.png,828 854 698 536 426
825.png,825 476 208 426 541
370.png,370 775 863 977 438
827.png,827 85 73 683 454
826.png,826 689 690 426 464
821.png,821 690 986 346 775
374.png,374 690 237 586 715
377.png,377 524 671 168 264
822.png,822 146 566 841 20
708.png,708 484 442 429 452
709.png,709 245 884 20 481
704.png,704 855 290 63 732
705.png,705 232 265 995 263
706.png,706 916 483 363 82
707.png,707 258 690 861 820
700.png,700 820 616 250 258
701.png,701 891 690 454 923
702.png,702 176 282 162 475
703.png,703 251 272 58 935
393.png,393 334 221 388 237
392.png,392 483 82 850 366
88.png,88 353 915 70 426
89.png,89 731 426 176 707
397.png,397 399 865 209 751
396.png,396 803 566 449 683
395.png,395 204 502 465 408
394.png,394 426 681 682 476
82.png,82 392 393 399 507
83.png,83 751 630 972 690
399.png,399 132 716 380 296
398.png,398 566 690 399 683
86.png,86 265 426 563 919
87.png,87 797 563 269 46
84.png,84 646 611 61 209
85.png,85 151 698 826 62
797.png,797 247 257 402 683
796.png,796 666 282 201 475
795.png,795 668 256 566 746
794.png,794 78 390 897 454
793.png,793 476 699 544 426
792.png,792 614 372 476 274
791.png,791 390 454 830 652
929.png,929 426 179 476 627
19.png,19 986 857 175 499
799.png,799 280 984 961 199
798.png,798 690 991 85 426
7.png,7 620 241 20 175
170.png,170 786 986 370 652
586.png,586 690 647 566 711
587.png,587 316 35 984 643
584.png,584 714 874 811 730
585.png,585 363 891 392 690
582.png,582 988 732 627 44
583.png,583 494 366 593 166
580.png,580 867 986 63 75
581.png,581 751 672 426 256
588.png,588 426 690 476 748
589.png,589 718 871 241 751
245.png,245 20 884 709 823
244.png,244 70 683 910 854
247.png,247 797 257 334 256
246.png,246 610 671 69 811
241.png,241 681 452 6 751
240.png,240 73 437 788 85
243.png,243 186 584 388 612
242.png,242 671 261 751 716
149.png,149 426 45 476 436
249.png,249 182 390 85 698
248.png,248 426 476 926 197
924.png,924 426 690 197 701
224.png,224 223 919 751 690
419.png,419 42 85 690 991
519.png,519 866 258 811 611
518.png,518 672 708 996 258
511.png,511 971 671 452 620
510.png,510 647 226 897 721
513.png,513 71 426 996 866
512.png,512 920 874 255 755
515.png,515 891 664 454 400
514.png,514 476 666 802 475
517.png,517 952 94 251 237
516.png,516 866 24 195 102
623.png,623 751 566 727 364
622.png,622 566 971 402 454
621.png,621 620 149 452 698
620.png,620 85 975 390 698
627.png,627 426 944 580 353
626.png,626 116 627 413 189
625.png,625 986 73 175 549
624.png,624 640 690 701 991
450.png,450 40 788 681 189
451.png,451 580 698 133 867
629.png,629 85 698 683 986
628.png,628 364 455 742 851
454.png,454 525 426 256 282
455.png,455 690 564 426 182
456.png,456 642 666 195 324
457.png,457 199 975 683 454
179.png,179 182 426 327 353
178.png,178 426 681 496 854
177.png,177 741 574 168 739
199.png,199 256 820 421 282
175.png,175 487 19 75 632
174.png,174 705 375 751 736
173.png,173 18 70 244 984
172.png,172 156 245 738 554
171.png,171 732 683 986 580
594.png,594 258 2 690 701
977.png,977 256 449 724 961
976.png,976 854 256 455 449
975.png,975 454 449 940 71
974.png,974 168 577 73 684
973.png,973 364 738 915 175
972.png,972 751 256 363 854
971.png,971 672 100 509 256
970.png,970 716 907 204 166
654.png,654 327 698 701 824
979.png,979 866 664 256 666
978.png,978 464 85 690 866
182.png,182 811 353 179 426
599.png,599 204 475 775 199
180.png,180 258 621 829 47
655.png,655 133 357 311 681
186.png,186 430 751 400 631
187.png,187 208 609 475 320
650.png,650 666 544 676 455
651.png,651 256 724 750 877
652.png,652 738 683 741 364
188.png,188 940 975 894 353
189.png,189 857 300 595 116
658.png,658 426 908 775 693
659.png,659 75 426 122 454
184.png,184 683 604 690 255
185.png,185 426 520 189 412
958.png,958 803 574 854 616
764.png,764 118 487 454 620
869.png,869 176 426 73 256
868.png,868 455 18 792 15
13.png,13 620 621 829 241
12.png,12 986 566 977 894
15.png,15 690 730 35 850
14.png,14 987 16 706 494
17.png,17 256 73 85 316
16.png,16 494 379 797 850
861.png,861 204 707 250 258
18.png,18 282 943 162 176
863.png,863 683 426 986 460
862.png,862 426 404 166 563
865.png,865 501 667 630 751
864.png,864 426 602 256 311
867.png,867 259 452 353 763
866.png,866 369 195 666 197
44.png,44 956 256 841 426
656.png,656 690 195 426 775
883.png,883 364 799 689 627
882.png,882 708 690 426 993
881.png,881 689 991 854 742
880.png,880 396 454 426 806
887.png,887 566 548 426 259
886.png,886 953 454 150 210
885.png,885 689 210 566 727
884.png,884 602 259 30 426
928.png,928 802 426 835 324
889.png,889 80 75 170 85
888.png,888 426 195 434 258
45.png,45 731 751 652 426
950.png,950 775 316 690 698
657.png,657 426 506 870 455
355.png,355 256 426 483 168
322.png,322 907 5 75 690
323.png,323 683 977 426 449
320.png,320 854 187 282 907
808.png,808 426 85 47 256
326.png,326 975 698 690 405
327.png,327 627 698 652 426
324.png,324 162 489 234 775
325.png,325 426 176 902 750
328.png,328 690 483 16 46
329.png,329 1 866 426 666
562.png,562 847 135 788 698
775.png,775 476 426 438 258
774.png,774 459 439 698 324
203.png,203 3 709 687 170
776.png,776 683 620 486 530
771.png,771 894 986 671 741
204.png,204 256 210 426 666
773.png,773 963 833 311 426
772.png,772 921 681 907 690
209.png,209 996 26 646 916
208.png,208 1 282 187 426
779.png,779 888 737 775 258
778.png,778 686 20 55 632
77.png,77 716 507 690 390
76.png,76 455 683 168 357
75.png,75 944 185 977 566
74.png,74 649 237 273 811
73.png,73 47 683 197 735
72.png,72 290 390 860 857
71.png,71 866 149 642 666
70.png,70 731 683 244 426
567.png,567 164 690 426 803
79.png,79 144 166 616 984
78.png,78 256 587 448 719
2.png,2 690 594 161 563
805.png,805 216 727 426 975
358.png,358 845 992 399 690
669.png,669 563 897 195 483
668.png,668 251 402 517 480
667.png,667 671 102 969 865
666.png,666 456 426 854 476
665.png,665 793 676 455 866
664.png,664 69 866 671 996
663.png,663 959 448 975 866
662.png,662 298 935 986 175
661.png,661 104 361 233 483
660.png,660 384 666 121 390
215.png,215 476 683 421 577
653.png,653 416 256 956 977
692.png,692 496 178 426 282
693.png,693 316 907 489 133
690.png,690 426 907 748 99
691.png,691 47 652 870 390
696.png,696 751 237 358 483
697.png,697 256 426 316 459
694.png,694 73 85 961 683
695.png,695 475 987 162 702
698.png,698 975 689 725 637
699.png,699 544 902 345 476
542.png,542 786 85 602 42
543.png,543 256 880 698 454
540.png,540 637 40 972 426
541.png,541 676 665 699 489
546.png,546 676 614 665 522
547.png,547 493 977 364 652
544.png,699 544 444 476 439
545.png,545 426 872 683 948
8.png,8 857 353 116 554
548.png,548 698 991 259 857
549.png,549 683 857 986 486
598.png,598 426 666 775 438
995.png,995 952 468 334 563
994.png,994 25 671 513 426
997.png,997 775 748 201 489
996.png,996 209 671 226 995
991.png,991 168 259 3 566
990.png,990 455 170 189 690
993.png,993 563 392 426 257
992.png,992 267 209 358 681
999.png,999 204 953 282 454
998.png,998 426 835 439 176
120.png,120 96 563 738 623
121.png,121 666 870 452 264
122.png,122 619 986 896 421
123.png,123 384 327 425 740
124.png,124 855 620 47 640
125.png,125 454 619 350 975
126.png,126 384 826 698 683
127.png,127 689 698 426 353
128.png,128 168 698 566 738
129.png,129 797 975 257 78
219.png,219 426 563 789 739
176.png,381 426 176 942 396
414.png,414 806 426 666 421
415.png,415 683 580 662 698
416.png,416 956 566 256 732
417.png,417 602 786 991 652
410.png,410 977 687 448 671
411.png,411 683 986 977 426
412.png,412 802 685 475 426
413.png,413 85 637 626 448
920.png,920 375 874 751 255
498.png,498 256 823 531 698
922.png,922 797 251 683 668
923.png,923 483 426 256 701
418.png,418 566 426 857 356
925.png,925 959 258 928 520
926.png,926 611 426 70 788
927.png,927 449 256 580 777
319.png,319 826 566 464 831
318.png,318 452 698 75 907
313.png,313 97 681 788 634
312.png,312 75 419 698 672
311.png,311 522 615 608 902
310.png,310 199 256 784 426
317.png,317 690 408 15 986
316.png,316 426 502 587 775
315.png,315 408 442 429 454
314.png,314 256 426 690 162
921.png,921 426 564 772 838
496.png,496 692 426 681 282
832.png,832 681 345 426 690
833.png,833 609 282 201 217
830.png,830 426 580 282 73
831.png,831 681 775 690 357
836.png,836 975 698 499 756
837.png,837 806 119 536 405
834.png,834 455 99 439 345
835.png,835 324 282 439 201
838.png,838 606 572 426 820
839.png,839 986 499 690 894
3.png,3 640 991 857 566
725.png,725 426 256 589 751
368.png,368 494 195 746 166
369.png,369 196 197 426 897
366.png,366 952 711 334 583
367.png,367 530 690 466 853
364.png,364 465 616 829 738
365.png,365 426 476 455 135
362.png,362 566 305 323 45
363.png,363 716 402 166 952
360.png,360 647 166 593 16
361.png,361 392 775 668 400
380.png,380 334 916 854 82
381.png,381 324 176 426 773
382.png,382 426 282 346 436
383.png,383 320 690 166 907
384.png,384 977 666 426 78
385.png,385 346 453 476 324
386.png,386 866 699 476 426
387.png,387 158 480 454 583
388.png,388 161 718 690 935
389.png,389 73 683 290 829
784.png,784 324 476 436 426
785.png,785 34 541 476 420
786.png,786 687 683 133 632
787.png,787 96 698 487 452
780.png,780 300 8 566 854
781.png,781 256 392 850 82
782.png,782 326 405 698 975
783.png,783 910 426 820 789
148.png,148 256 701 258 204
788.png,788 681 476 748 642
789.png,789 256 364 841 738
860.png,860 867 256 290 731
151.png,151 85 671 73 690
579.png,579 647 334 718 86
578.png,578 975 73 910 788
604.png,604 448 683 672 476
573.png,573 396 316 426 241
572.png,572 256 981 690 426
571.png,571 671 920 100 184
570.png,570 59 930 426 272
577.png,577 162 640 85 276
576.png,576 290 424 390 256
575.png,575 133 681 63 686
574.png,574 256 305 454 841
60.png,60 476 231 426 162
61.png,61 866 84 281 162
258.png,258 180 429 476 426
259.png,259 566 548 602 96
64.png,64 449 846 390 681
65.png,65 448 305 566 552
66.png,66 426 439 666 803
67.png,67 238 426 701 282
68.png,68 176 453 282 503
253.png,253 255 426 731 751
250.png,250 202 162 426 176
251.png,251 681 149 683 392
256.png,256 751 272 426 258
257.png,257 750 226 426 690
254.png,254 256 871 716 426
255.png,255 919 690 671 404
603.png,603 690 986 85 15
156.png,156 857 554 172 738
939.png,939 652 537 822 426
731.png,731 690 907 342 920
730.png,730 507 77 690 237
733.png,733 426 256 686 935
404.png,404 563 226 196 166
735.png,735 73 256 47 577
734.png,734 402 247 751 797
737.png,737 819 207 689 826
736.png,736 375 891 100 714
739.png,739 168 256 426 47
738.png,738 652 85 364 683
504.png,504 566 454 944 611
505.png,505 372 476 614 853
502.png,502 169 15 449 236
503.png,503 985 453 435 522
500.png,500 690 986 627 426
501.png,501 865 664 186 751
630.png,630 448 705 100 98
631.png,631 393 690 149 454
632.png,632 683 625 690 216
633.png,633 751 20 851 975
469.png,469 581 329 426 507
468.png,468 952 227 195 563
636.png,636 426 698 604 975
637.png,637 540 413 32 170
638.png,638 789 690 455 643
639.png,639 828 426 732 666
467.png,467 986 896 426 689
466.png,466 948 684 20 168
461.png,461 452 448 85 616
900.png,900 566 986 364 45
463.png,463 944 85 826 426
462.png,462 775 476 426 690
38.png,38 991 619 577 256
168.png,168 683 464 363 727
169.png,169 209 975 737 502
164.png,164 567 803 921 282
165.png,165 15 78 250 977
166.png,166 563 862 452 816
167.png,167 476 803 381 324
160.png,160 944 119 826 426
161.png,161 269 258 388 668
162.png,162 436 788 476 442
163.png,163 256 711 426 265
964.png,964 611 396 426 443
965.png,965 70 256 602 696
966.png,966 536 616 426 666
967.png,967 698 359 975 304
960.png,960 420 426 541 775
961.png,961 977 426 698 85
962.png,962 426 948 602 640
963.png,963 773 793 476 475
968.png,968 630 255 907 983
969.png,969 69 874 866 814
935.png,935 706 850 916 666
408.png,408 820 258 256 204
31.png,31 69 24 866 604
909.png,909 465 364 426 481
426.png,426 820 775 853 685
878.png,878 320 426 775 803
879.png,879 73 627 548 75
876.png,876 683 452 854 698
877.png,877 722 666 24 854
874.png,874 316 969 671 584
875.png,875 426 681 845 272
872.png,872 777 545 991 652
873.png,873 361 426 775 131
870.png,870 47 282 992 202
871.png,871 589 952 722 716
9.png,9 566 449 627 396
890.png,890 727 981 686 977
891.png,891 364 701 916 426
892.png,892 426 666 850 60
893.png,893 290 390 690 316
894.png,894 689 986 988 188
647.png,647 797 166 360 73
896.png,896 364 426 991 683
897.png,897 647 195 888 209
898.png,898 530 549 486 689
899.png,899 319 788 520 475
439.png,439 676 541 324 435
436.png,436 426 564 788 282
648.png,648 296 666 209 400
357.png,357 217 438 324 792
356.png,356 698 406 857 182
809.png,809 158 877 402 952
354.png,354 580 449 898 689
353.png,353 826 448 426 168
352.png,352 618 831 953 5
351.png,351 426 875 690 748
350.png,350 125 133 853 975
803.png,164 803 567 426 609
802.png,802 346 475 476 426
801.png,801 149 666 227 265
800.png,800 797 846 73 241
807.png,807 454 566 128 327
806.png,806 837 119 977 616
359.png,359 304 969 671 604
804.png,804 356 857 689 566
216.png,216 632 777 975 732
217.png,217 833 201 324 176
214.png,214 580 11 581 689
769.png,769 489 985 775 476
212.png,212 604 662 698 760
213.png,213 866 698 71 245
210.png,210 256 690 204 904
211.png,211 716 972 751 507
762.png,762 24 866 714 610
763.png,763 452 316 851 241
760.png,760 611 256 426 971
761.png,761 687 975 116 602
766.png,766 346 854 36 282
767.png,767 18 750 850 907
218.png,218 298 887 425 786
765.png,765 751 83 581 179
957.png,957 435 699 455 439
202.png,202 316 426 614 241
41.png,41 189 739 566 116
289.png,289 604 531 264 683
288.png,288 536 449 499 616
321.png,321 1 426 475 496
4.png,4 256 47 464 520
281.png,281 426 434 514 673
280.png,280 799 786 683 524
283.png,283 392 54 751 828
282.png,282 176 496 199 833
285.png,285 630 811 751 797
284.png,284 405 476 698 399
287.png,287 19 298 175 732
286.png,286 258 73 690 683
678.png,678 590 690 907 566
679.png,679 689 986 627 145
674.png,674 709 743 683 652
675.png,675 454 73 197 426
676.png,676 439 699 544 902
677.png,677 202 870 820 426
670.png,670 388 426 209 706
671.png,671 509 242 100 255
672.png,672 45 581 86 604
673.png,673 209 426 296 434
263.png,263 714 683 265 672
262.png,262 803 426 276 706
261.png,261 746 242 671 399
260.png,260 671 476 334 102
267.png,267 992 523 390 209
266.png,266 337 168 738 85
265.png,265 273 850 363 483
264.png,264 739 894 741 353
269.png,269 563 59 402 507
268.png,268 690 923 316 976
59.png,59 269 402 166 570
58.png,58 282 454 870 204
55.png,55 566 256 20 426
54.png,54 47 552 256 119
57.png,57 47 290 256 616
56.png,56 302 256 364 424
51.png,51 940 440 866 722
62.png,62 168 85 671 975
53.png,53 632 732 486 948
52.png,52 426 204 282 854
537.png,537 566 822 426 256
536.png,536 907 426 666 803
535.png,535 683 476 894 405
63.png,63 409 775 975 324
533.png,533 133 426 820 563
532.png,532 683 581 78 867
531.png,531 986 85 934 988
530.png,530 683 690 77 751
152.png,152 145 857 732 566
539.png,539 426 256 681 476
538.png,538 738 85 683 353
201.png,201 833 282 489 376
988.png,988 116 894 786 582
989.png,989 684 153 466 884
200.png,200 168 639 100 175
982.png,982 182 975 390 85
983.png,983 921 854 907 449
980.png,980 536 681 611 24
981.png,981 867 256 792 403
986.png,986 683 460 85 824
777.png,777 566 732 690 724
984.png,984 455 861 731 138
50.png,50 577 953 683 196
115.png,115 335 797 104 360
252.png,252 105 698 975 683
117.png,117 5 500 666 732
116.png,116 988 300 732 987
111.png,111 258 690 426 986
110.png,110 751 662 553 690
113.png,113 977 935 241 729
69.png,69 671 536 246 897
205.png,205 426 481 523 176
119.png,119 961 977 424 280
118.png,118 116 566 481 944
770.png,770 672 507 494 683
207.png,207 894 819 347 73
206.png,206 85 460 426 698
429.png,429 442 902 803 426
428.png,428 426 168 684 345
534.png,534 854 921 256 609
919.png,919 907 751 690 507
918.png,918 363 907 862 917
915.png,915 392 426 413 364
914.png,914 811 820 853 196
917.png,917 716 751 919 242
916.png,916 891 237 483 666
911.png,911 986 849 298 990
910.png,910 590 244 683 907
913.png,913 512 920 919 671
912.png,912 698 121 188 988
308.png,308 841 944 75 566
309.png,309 611 519 792 209
855.png,855 991 566 896 777
300.png,300 282 73 189 566
301.png,301 100 967 698 529
302.png,302 133 589 984 424
303.png,303 639 116 566 119
304.png,304 378 604 333 671
305.png,305 666 489 282 256
306.png,306 977 256 849 582
307.png,307 975 536 439 258
895.png,895 975 290 426 373
371.png,371 953 496 854 320
181.png,181 620 738 986 364
824.png,824 986 829 561 408
373.png,373 640 290 689 566
138.png,138 455 409 435 426
847.png,847 455 135 266 880
846.png,846 162 748 455 797
845.png,845 736 197 820 686
844.png,844 689 256 135 327
843.png,843 420 611 426 544
842.png,842 695 738 256 572
841.png,841 256 566 204 426
840.png,840 486 327 824 426
375.png,375 920 256 751 986
853.png,853 775 133 681 426
849.png,849 448 698 671 280
848.png,848 751 100 671 620
823.png,823 975 640 390 499
376.png,376 282 476 685 197
554.png,554 156 172 872 42
145.png,145 689 11 986 426
732.png,732 690 986 731 698
568.png,568 189 531 566 280
752.png,752 751 690 449 223
751.png,751 581 580 223 690
750.png,750 402 250 297 226
757.png,757 991 256 690 241
756.png,756 170 683 836 975
755.png,755 742 580 426 894
754.png,754 563 86 16 265
560.png,560 73 481 851 977
561.png,561 698 986 689 727
759.png,759 85 683 690 324
563.png,563 334 593 494 897
564.png,564 426 820 197 775
565.png,565 762 125 204 258
566.png,566 146 944 616 256
987.png,987 690 394 162 14
506.png,506 426 408 861 209
229.png,229 256 290 168 536
507.png,507 449 297 77 820
227.png,227 593 82 716 563
226.png,226 388 404 718 729
225.png,225 251 730 237 952
985.png,985 489 426 699 476
223.png,223 751 224 690 722
222.png,222 221 10 392 393
221.png,221 222 360 987 977
220.png,220 732 627 96 566
114.png,114 356 857 153 872
391.png,391 731 135 20 975
726.png,726 256 204 857 426
727.png,727 327 698 449 975
724.png,724 777 48 448 11
390.png,390 690 237 85 553
722.png,722 751 83 877 630
723.png,723 972 24 255 920
720.png,720 149 690 426 507
721.png,721 820 751 850 897
372.png,372 208 201 476 981
728.png,728 917 716 690 512
729.png,729 94 241 297 563
605.png,605 245 632 732 872
150.png,150 616 443 210 953
607.png,607 396 256 683 803
606.png,606 197 196 426 346
601.png,601 426 602 963 286
600.png,600 738 857 986 566
157.png,157 272 320 282 47
602.png,602 146 256 991 566
159.png,159 426 566 986 751
158.png,158 494 251 387 132
112.png,112 426 850 751 699
609.png,609 187 426 833 476
608.png,608 28 324 833 489
634.png,634 520 681 580 581
80.png,80 690 426 853 986
635.png,635 373 619 887 566
959.png,959 256 690 614 369
11.png,11 724 602 168 337
81.png,81 449 354 666 709
48.png,48 724 777 698 683
49.png,49 698 256 857 694
951.png,951 300 182 426 42
47.png,47 775 73 454 20
953.png,953 690 258 820 707
952.png,952 871 402 820 507
955.png,955 256 272 788 396
954.png,954 20 245 466 282
40.png,40 189 637 168 857
956.png,956 256 566 300 75
465.png,465 909 689 683 486
5.png,5 664 666 866 429
464.png,464 978 826 168 857
10.png,10 483 86 916 329
508.png,508 690 672 975 209
460.png,460 986 894 168 580
489.png,489 985 833 793 476
488.png,488 910 683 751 981
487.png,487 520 210 473 256
486.png,486 465 698 620 364
485.png,485 940 71 102 666
484.png,484 442 708 162 476
483.png,483 730 195 237 426
482.png,482 426 986 454 718
481.png,481 683 454 566 888
480.png,480 668 104 583 243
509.png,509 672 671 212 353
790.png,790 426 196 789 256
472.png,472 36 426 942 564
473.png,473 15 276 486 73
470.png,470 834 191 345 67
471.png,471 11 441 426 986
476.png,476 426 394 609 275
477.png,477 581 188 683 426
474.png,474 732 264 866 690
475.png,475 854 802 282 476
478.png,478 689 986 32 730
479.png,479 316 150 854 797